{"tList":[{"template":"manual","topicid":"00040BGE","hasCover":false,"alias":"The Truth","subnum":"6.8万","tag":"hot","recommendOrder":0,"isNew":0,"img":"http://img2.cache.netease.com/m/newsapp/banner/zhenhua.png","isHot":1,"hasIcon":true,"cid":"C1348654575297","recommend":"0","headLine":false,"tagDate":"2015-06-16 10:45:34.0","color":"","bannerOrder":105,"tname":"原创","ename":"zhenhua","showType":"comment","special":0,"tid":"T1370583240249"},{"template":"manual","topicid":"000503RV","hasCover":false,"alias":"NBA","subnum":"2.7万","recommendOrder":108,"isNew":0,"img":"T1348649145984","isHot":0,"hasIcon":true,"cid":"C1348649048655","recommend":"1","headLine":false,"color":"","bannerOrder":70,"tname":"NBA","ename":"NBA","showType":"comment","special":0,"tid":"T1348649145984"},{"template":"manual","topicid":"003406E3","hasCover":false,"alias":"Top News","subnum":"12.2万","recommendOrder":0,"isNew":0,"img":"T1348647853363","isHot":0,"hasIcon":true,"cid":"C1348646712614","recommend":"0","headLine":true,"color":"","bannerOrder":0,"tname":"头条","ename":"iosnews","showType":"comment","special":0,"tid":"T1348647853363"},{"template":"manual","topicid":"00340P92","hasCover":true,"alias":"Visual News","subnum":"8476","recommendOrder":0,"isNew":0,"img":"T1422935072191","isHot":0,"hasIcon":true,"cid":"C1348647991705","recommend":"0","headLine":false,"color":"comment","bannerOrder":0,"tname":"画报","ename":"Huabao","showType":"comment","special":0,"tid":"T1422935072191"},{"template":"manual","topicid":"000106SD","hasCover":false,"alias":"Region","subnum":"100","recommendOrder":109,"isNew":0,"img":"T1348648037603","isHot":0,"hasIcon":true,"cid":"C1348647991705","recommend":"1","headLine":false,"color":"","bannerOrder":0,"tname":"社会","ename":"shehui","showType":"comment","special":0,"tid":"T1348648037603"},{"template":"manual","topicid":"00340B7E","hasCover":false,"alias":"History","subnum":"26万","recommendOrder":105,"isNew":0,"img":"T1374806775273","isHot":0,"hasIcon":true,"cid":"C1348647991705","recommend":"1","headLine":false,"color":"","bannerOrder":0,"tname":"历史","ename":"lishi","showType":"comment","special":0,"tid":"T1368497029546"},{"template":"manual","topicid":"00010AKH","hasCover":false,"alias":"Military","subnum":"7.6万","recommendOrder":110,"isNew":0,"img":"T1348648141035","isHot":0,"hasIcon":true,"cid":"C1348647991705","recommend":"1","headLine":false,"color":"","bannerOrder":0,"tname":"军事","ename":"junshi","showType":"comment","special":0,"tid":"T1348648141035"},{"template":"manual","topicid":"003406OT","hasCover":false,"alias":"Entertainment","subnum":"15.4万","recommendOrder":120,"isNew":0,"img":"T1348648517839","isHot":0,"hasIcon":true,"cid":"C1348648351901","recommend":"1","headLine":false,"color":"","bannerOrder":0,"tname":"娱乐","ename":"yule","showType":"comment","special":0,"tid":"T1348648517839"},{"template":"manual","topicid":"000302QQ","hasCover":false,"alias":"MOVIE","subnum":"203.9万","recommendOrder":0,"isNew":0,"img":"T1348648650048","isHot":0,"hasIcon":true,"cid":"C1348648351901","recommend":"0","headLine":false,"color":"","bannerOrder":0,"tname":"影视","ename":"dianying","showType":"comment","special":0,"tid":"T1348648650048"},{"template":"manual","topicid":"003406OS","hasCover":false,"alias":"Business","subnum":"15.2万","recommendOrder":118,"isNew":0,"img":"T1348648756099","isHot":0,"hasIcon":true,"cid":"C1348648727071","recommend":"1","headLine":false,"color":"","bannerOrder":0,"tname":"财经","ename":"caijing","showType":"comment","special":0,"tid":"T1348648756099"},{"template":"manual","topicid":"00050KTP","hasCover":false,"alias":"Lottery","subnum":"1.6万","recommendOrder":82,"isNew":0,"img":"","isHot":0,"hasIcon":false,"cid":"C1348648727071","recommend":"0","headLine":false,"color":"","bannerOrder":0,"tname":"彩票","ename":"caipiao","showType":"comment","special":0,"tid":"T1356600029035"},{"template":"manual","topicid":"003406OR","hasCover":false,"alias":"Sports","subnum":"12.5万","recommendOrder":119,"isNew":0,"img":"T1348649079062","isHot":0,"hasIcon":true,"cid":"C1348649048655","recommend":"1","headLine":false,"color":"","bannerOrder":0,"tname":"体育","ename":"tiyu","showType":"comment","special":0,"tid":"T1348649079062"},{"template":"manual","topicid":"00050AL1","hasCover":false,"alias":"Chinese Super League","subnum":"1.6万","recommendOrder":107,"isNew":0,"img":"T1348649503389","isHot":0,"hasIcon":true,"cid":"C1348649048655","recommend":"1","headLine":false,"color":"","bannerOrder":0,"tname":"中国足球","ename":"zhongchao","showType":"comment","special":0,"tid":"T1348649503389"},{"template":"manual","topicid":"000504OB","hasCover":false,"alias":"Soccer","subnum":"2.3万","recommendOrder":0,"isNew":0,"img":"T1348649176279","isHot":0,"hasIcon":true,"cid":"C1348649048655","recommend":"0","headLine":false,"color":"","bannerOrder":0,"tname":"国际足球","ename":"zuqiu","showType":"comment","special":0,"tid":"T1348649176279"},{"template":"normal1","topicid":"000503S9","hasCover":false,"alias":"CBA","subnum":"8704","recommendOrder":0,"isNew":0,"img":"T1348649475931","isHot":0,"hasIcon":true,"cid":"C1348649048655","recommend":"0","headLine":false,"color":"","bannerOrder":0,"tname":"CBA","ename":"CBA","showType":"comment","special":0,"tid":"T1348649475931"},{"template":"manual","topicid":"00050LKV","hasCover":true,"alias":"Running","subnum":"4295","recommendOrder":0,"isNew":0,"img":"T1411113472760","isHot":0,"hasIcon":true,"cid":"C1348649048655","recommend":"0","headLine":false,"color":"comment","bannerOrder":0,"tname":"跑步","ename":"paobu","showType":"comment","special":0,"tid":"T1411113472760"},{"template":"manual","topicid":"003406OU","hasCover":false,"alias":"Tech","subnum":"20.2万","recommendOrder":117,"isNew":0,"img":"T1348649580692","isHot":0,"hasIcon":true,"cid":"C1348649554552","recommend":"1","headLine":false,"color":"","bannerOrder":0,"tname":"科技","ename":"keji","showType":"comment","special":0,"tid":"T1348649580692"},{"template":"manual","topicid":"00110BK0","hasCover":false,"alias":"Mobiles","subnum":"11.9万","recommendOrder":0,"isNew":0,"img":"T1348649654285","isHot":0,"hasIcon":true,"cid":"C1348649554552","recommend":"0","headLine":false,"color":"","bannerOrder":0,"tname":"手机","ename":"shouji","showType":"comment","special":0,"tid":"T1348649654285"},{"template":"manual","topicid":"00160D0O","hasCover":false,"alias":"Digitals","subnum":"9.6万","recommendOrder":0,"isNew":0,"img":"T1348649776727","isHot":0,"hasIcon":true,"cid":"C1348649554552","recommend":"0","headLine":false,"color":"","bannerOrder":0,"tname":"数码","ename":"shuma","showType":"comment","special":0,"tid":"T1348649776727"},{"template":"normal1","topicid":"001109KS","hasCover":false,"alias":"Mobile Web","subnum":"6.6万","recommendOrder":0,"isNew":0,"img":"T1351233117091","isHot":0,"hasIcon":true,"cid":"C1348649554552","recommend":"0","headLine":false,"color":"","bannerOrder":0,"tname":"移动互联","ename":"yidonghulianwang","showType":"comment","special":0,"tid":"T1351233117091"},{"template":"manual","topicid":"00340R2J","hasCover":true,"alias":"FUNNY MOMENT","subnum":"600.6万","tag":"hot","recommendOrder":0,"isNew":0,"img":"T1350383429665","isHot":1,"hasIcon":true,"cid":"C1348654575297","recommend":"0","headLine":false,"tagDate":"2015-06-16 10:45:19.0","color":"comment","bannerOrder":0,"tname":"轻松一刻","ename":"qingsongyike","showType":"comment","special":0,"tid":"T1350383429665"},{"template":"manual","topicid":"00850LE4","hasCover":true,"alias":"Open","subnum":"3806","recommendOrder":0,"isNew":0,"img":"T1421997195219","isHot":0,"hasIcon":true,"cid":"C1348654575297","recommend":"0","headLine":false,"color":"comment","bannerOrder":0,"tname":"云课堂","ename":"gongkaike","showType":"comment","special":0,"tid":"T1421997195219"},{"template":"manual","topicid":"00080BAT","hasCover":false,"alias":"Autos","subnum":"16.7万","recommendOrder":115,"isNew":0,"img":"T1348654060988","isHot":0,"hasIcon":true,"cid":"C1348652751993","recommend":"1","headLine":false,"color":"","bannerOrder":0,"tname":"汽车","ename":"qiche","showType":"comment","special":0,"tid":"T1348654060988"},{"template":"manual","topicid":"00870B7P","hasCover":false,"alias":"Real Estate","subnum":"14.6万","recommendOrder":113,"isNew":0,"img":"T1348654085632","isHot":0,"hasIcon":true,"cid":"C1348652751993","recommend":"1","headLine":false,"color":"","bannerOrder":0,"tname":"房产","ename":"fangchan","showType":"comment","special":0,"tid":"T1348654085632"},{"template":"manual","topicid":"0010097N","hasCover":false,"alias":"Design & Decor","subnum":"3.3万","recommendOrder":0,"isNew":0,"img":"T1348654105308","isHot":0,"hasIcon":true,"cid":"C1348652751993","recommend":"0","headLine":false,"color":"","bannerOrder":0,"tname":"家居","ename":"jiaju","showType":"comment","special":0,"tid":"T1348654105308"},{"template":"manual","topicid":"00310B4B","hasCover":false,"alias":"Games","subnum":"3.2万","recommendOrder":0,"isNew":0,"img":"T1348654151579","isHot":0,"hasIcon":true,"cid":"C1348652751993","recommend":"0","headLine":false,"color":"","bannerOrder":0,"tname":"游戏","ename":"youxi","showType":"comment","special":0,"tid":"T1348654151579"},{"template":"manual","topicid":"000606PC","hasCover":false,"alias":"Travel","subnum":"3.9万","recommendOrder":0,"isNew":0,"img":"T1348654204705","isHot":0,"hasIcon":true,"cid":"C1348652751993","recommend":"0","headLine":false,"color":"","bannerOrder":0,"tname":"旅游","ename":"lvyou","showType":"comment","special":0,"tid":"T1348654204705"},{"template":"manual","topicid":"00380MB8","hasCover":true,"alias":"Health","subnum":"9731","recommendOrder":0,"isNew":0,"img":"T1414389941036","isHot":0,"hasIcon":true,"cid":"C1348652751993","recommend":"0","headLine":false,"color":"comment","bannerOrder":0,"tname":"健康","ename":"jiankang","showType":"comment","special":0,"tid":"T1414389941036"},{"template":"manual","topicid":"00210H4E","hasCover":true,"alias":"Book","subnum":"3.5万","recommendOrder":0,"isNew":0,"img":"T1401272877187","isHot":0,"hasIcon":true,"cid":"C1348652751993","recommend":"0","headLine":false,"color":"comment","bannerOrder":0,"tname":"读书","ename":"dushu","showType":"comment","special":0,"tid":"T1401272877187"},{"template":"manual","topicid":"00820DOS","hasCover":false,"alias":"Drinks","subnum":"1.3万","recommendOrder":0,"isNew":0,"img":"","isHot":0,"hasIcon":false,"cid":"C1348652751993","recommend":"0","headLine":false,"color":"","bannerOrder":0,"tname":"酒香","ename":"jiuxiang","showType":"comment","special":0,"tid":"T1385429690972"},{"template":"manual","topicid":"00290D11","hasCover":false,"alias":"Education","subnum":"2.8万","recommendOrder":0,"isNew":0,"img":"T1348654225495","isHot":0,"hasIcon":true,"cid":"C1348652751993","recommend":"0","headLine":false,"color":"","bannerOrder":0,"tname":"教育","ename":"jiaoyu","showType":"comment","special":0,"tid":"T1348654225495"},{"template":"manual","topicid":"00360EO7","hasCover":true,"alias":"Baby","subnum":"2.3万","recommendOrder":0,"isNew":0,"img":"T1397116135282","isHot":0,"hasIcon":true,"cid":"C1348652751993","recommend":"0","headLine":false,"color":"comment","bannerOrder":0,"tname":"亲子","ename":"qinzi","showType":"comment","special":0,"tid":"T1397116135282"},{"template":"manual","topicid":"00960GEK","hasCover":false,"alias":"Wine","subnum":"8851","recommendOrder":0,"isNew":0,"img":"","isHot":0,"hasIcon":false,"cid":"C1348652751993","recommend":"0","headLine":false,"color":"","bannerOrder":0,"tname":"葡萄酒","ename":"putaojiu","showType":"comment","special":0,"tid":"T1402031665628"},{"template":"manual","topicid":"00960TBA","hasCover":false,"alias":"photography","subnum":"220","tag":"new","recommendOrder":0,"isNew":1,"img":"","isHot":0,"hasIcon":false,"cid":"C1348652751993","recommend":"0","headLine":false,"tagDate":"2015-05-27 15:18:03.0","color":"","bannerOrder":0,"tname":"你照吗","ename":"nizhaoma","showType":"comment","special":0,"tid":"T1432711055315"},{"template":"manual","topicid":"00310GST","hasCover":false,"alias":"Blizzard","subnum":"1.9万","recommendOrder":0,"isNew":0,"img":"","isHot":0,"hasIcon":false,"cid":"C1348652751993","recommend":"0","headLine":false,"color":"","bannerOrder":0,"tname":"暴雪游戏","ename":"baoxue","showType":"comment","special":0,"tid":"T1397016069906"},{"template":"manual","topicid":"00260ASP","hasCover":true,"alias":"Women","subnum":"15.9万","tag":"hot","recommendOrder":114,"isNew":0,"img":"T1348650593803","isHot":1,"hasIcon":true,"cid":"C1348650356377","recommend":"1","headLine":false,"tagDate":"2015-06-16 10:48:18.0","color":"comment","bannerOrder":0,"tname":"时尚","ename":"nvren","showType":"comment","special":0,"tid":"T1348650593803"},{"template":"manual","topicid":"00260T63","hasCover":false,"alias":"Emotion","subnum":"5.7万","recommendOrder":106,"isNew":0,"img":"T1348650839000","isHot":0,"hasIcon":true,"cid":"C1348650356377","recommend":"1","headLine":false,"color":"","bannerOrder":0,"tname":"情感","ename":"qinggan","showType":"comment","special":0,"tid":"T1348650839000"},{"template":"manual","topicid":"00230MGU","hasCover":true,"alias":"Gov","subnum":"6088","recommendOrder":0,"isNew":0,"img":"T1414142214384","isHot":0,"hasIcon":true,"cid":"C1348650356377","recommend":"0","headLine":false,"color":"comment","bannerOrder":0,"tname":"政务","ename":"zhengwu","showType":"comment","special":0,"tid":"T1414142214384"},{"template":"normal1","topicid":"00960O02","hasCover":true,"alias":"zhidemai","subnum":"3236","recommendOrder":0,"isNew":0,"img":"T1420771091297","isHot":0,"hasIcon":true,"cid":"C1420770818011","recommend":"0","headLine":false,"color":"comment","bannerOrder":0,"tname":"值得买","ename":"zhidemai","showType":"comment","special":0,"tid":"T1420771091297"},{"template":"manual","topicid":"00300JSD","hasCover":true,"alias":"comment","subnum":"4833","recommendOrder":0,"isNew":0,"img":"","isHot":0,"hasIcon":false,"cid":"C1419315163934","recommend":"0","headLine":false,"color":"comment","bannerOrder":0,"tname":"跟贴","ename":"specialComment","showType":"comment","special":1,"tid":"T1419315959525"},{"template":"normal1","topicid":"0096SPCL","hasCover":false,"alias":"joke","subnum":"6699","recommendOrder":0,"isNew":0,"img":"","isHot":0,"hasIcon":false,"cid":"C1419315163934","recommend":"0","headLine":false,"color":"","bannerOrder":0,"tname":"段子","ename":"specialJoke","showType":"comment","special":1,"tid":"T1419316284722"},{"template":"normal1","topicid":"0096SPCL","hasCover":false,"alias":"picture","subnum":"5012","recommendOrder":0,"isNew":0,"img":"","isHot":0,"hasIcon":false,"cid":"C1419315163934","recommend":"0","headLine":false,"color":"","bannerOrder":0,"tname":"图片","ename":"specialPicture","showType":"comment","special":1,"tid":"T1419316384474"},{"template":"normal1","topicid":"0096SPCL","hasCover":false,"alias":"local","subnum":"9552","tag":"hot","recommendOrder":0,"isNew":0,"img":"","isHot":1,"hasIcon":false,"cid":"C1419315163934","recommend":"0","headLine":false,"tagDate":"2015-04-16 14:53:09.0","color":"","bannerOrder":0,"tname":"本地","ename":"specialLocal","showType":"comment","special":1,"tid":"T1419316531256"},{"template":"manual","topicid":"0034086B","hasCover":false,"alias":"blog","subnum":"326","recommendOrder":0,"isNew":0,"img":"","isHot":0,"hasIcon":false,"cid":"C1419315163934","recommend":"0","headLine":false,"color":"","bannerOrder":0,"tname":"博客","ename":"specialBlog","showType":"comment","special":1,"tid":"T1419386532423"},{"template":"manual","topicid":"0034086C","hasCover":true,"alias":"bbs","subnum":"595","recommendOrder":0,"isNew":0,"img":"T1419386592923","isHot":0,"hasIcon":true,"cid":"C1419315163934","recommend":"0","headLine":false,"color":"comment","bannerOrder":0,"tname":"论坛","ename":"specialBBS","showType":"comment","special":1,"tid":"T1419386592923"},{"template":"normal1","topicid":"0096SPCL","hasCover":false,"alias":"redian","subnum":"2453","recommendOrder":0,"isNew":0,"img":"","isHot":0,"hasIcon":false,"cid":"C1419315163934","recommend":"0","headLine":false,"color":"","bannerOrder":0,"tname":"热点","ename":"specialRedian","showType":"comment","special":1,"tid":"T1427878984398"},{"template":"normal1","topicid":"00340UUI","hasCover":false,"alias":"live","subnum":"8","recommendOrder":0,"isNew":0,"img":"","isHot":0,"hasIcon":false,"cid":"C1419315163934","recommend":"0","headLine":false,"color":"","bannerOrder":0,"tname":"直播","ename":"specialLive","showType":"comment","special":1,"tid":"T1433137697241"}]}